"Data Source","World Development Indicators",

"Last Updated Date","2025-01-28",

"Country Name","Country Code","Indicator Name","Indicator Code","1960","1961","1962","1963","1964","1965","1966","1967","1968","1969","1970","1971","1972","1973","1974","1975","1976","1977","1978","1979","1980","1981","1982","1983","1984","1985","1986","1987","1988","1989","1990","1991","1992","1993","1994","1995","1996","1997","1998","1999","2000","2001","2002","2003","2004","2005","2006","2007","2008","2009","2010","2011","2012","2013","2014","2015","2016","2017","2018","2019","2020","2021","2022","2023",
"Aruba","ABW","Poverty headcount ratio at societal poverty line (% of population)","SI.POV.SOPO","","","","","","","","","","","","","","","","","","","","","","","","","","","","","","","","","","","","","","","","","","","","","","","","","","","","","","","","","","","","","","","","",
"Africa Eastern and Southern","AFE","Poverty headcount ratio at societal poverty line (% of population)","SI.POV.SOPO","","","","","","","","","","","","","","","","","","","","","","","","","","","","","","","","","","","","","","","","","","","","","","","","","","","","","","","","","","","","","","","","",
"Afghanistan","AFG","Poverty headcount ratio at societal poverty line (% of population)","SI.POV.SOPO","","","","","","","","","","","","","","","","","","","","","","","","","","","","","","","","","","","","","","","","","","","","","","","","","","","","","","","","","","","","","","","","",
"Africa Western and Central","AFW","Poverty headcount ratio at societal poverty line (% of population)","SI.POV.SOPO","","","","","","","","","","","","","","","","","","","","","","","","","","","","","","","","","","","","","","","","","","","","","","","","","","","","","","","","","","","","","","","","",
"Angola","AGO","Poverty headcount ratio at societal poverty line (% of population)","SI.POV.SOPO","","","","","","","","","","","","","","","","","","","","","","","","","","","","","","","","","","","","","","","","","37.2","","","","","","","","35.4","","","","","","","","","","42.2","","","","","",
"Albania","ALB","Poverty headcount ratio at societal poverty line (% of population)","SI.POV.SOPO","","","","","","","","","","","","","","","","","","","","","","","","","","","","","","","","","","","","","19.5","","","","","","21.3","","","20","","","16.9","","","","18.3","","24.9","19.7","21","20.2","18.6","15.8","16","","","",
"Andorra","AND","Poverty headcount ratio at societal poverty line (% of population)","SI.POV.SOPO","","","","","","","","","","","","","","","","","","","","","","","","","","","","","","","","","","","","","","","","","","","","","","","","","","","","","","","","","","","","","","","","",
"Arab World","ARB","Poverty headcount ratio at societal poverty line (% of population)","SI.POV.SOPO","","","","","","","","","","","","","","","","","","","","","","","","","","","","","","","","","","","","","","","","","","","","","","","","","","","","","","","","","","","","","","","","",
"United Arab Emirates","ARE","Poverty headcount ratio at societal poverty line (% of population)","SI.POV.SOPO","","","","","","","","","","","","","","","","","","","","","","","","","","","","","","","","","","","","","","","","","","","","","","","","","","","","","","20.4","","","","","12.1","","","","","",
"Argentina","ARG","Poverty headcount ratio at societal poverty line (% of population)","SI.POV.SOPO","","","","","","","","","","","","","","","","","","","","","22.4","","","","","","21.4","21.9","","","","22.2","24.1","24","24.7","26.6","27.3","28.2","28.2","28.8","30.9","31.5","34.3","30.1","29.6","28.3","27.2","27.7","26.1","25.8","25.5","24.3","23.7","24","23.8","","24.1","23","23.9","25","26","23.8","22.8","",
"Armenia","ARM","Poverty headcount ratio at societal poverty line (% of population)","SI.POV.SOPO","","","","","","","","","","","","","","","","","","","","","","","","","","","","","","","","","","","","","","","","34.1","","33.8","31.4","29.7","27.2","23.4","22.6","22.4","20.4","20.4","21.6","21.7","21.4","21.6","22.6","21.6","25.2","19","19.7","20.6","16.1","18.3","20.1","",
"American Samoa","ASM","Poverty headcount ratio at societal poverty line (% of population)","SI.POV.SOPO","","","","","","","","","","","","","","","","","","","","","","","","","","","","","","","","","","","","","","","","","","","","","","","","","","","","","","","","","","","","","","","","",
"Antigua and Barbuda","ATG","Poverty headcount ratio at societal poverty line (% of population)","SI.POV.SOPO","","","","","","","","","","","","","","","","","","","","","","","","","","","","","","","","","","","","","","","","","","","","","","","","","","","","","","","","","","","","","","","","",
"Australia","AUS","Poverty headcount ratio at societal poverty line (% of population)","SI.POV.SOPO","","","","","","","","","","","","","","","","","","","","","","12.2","","","","12.3","","","","13.2","","","","","","12.7","","","","","","12.5","","12.2","11.5","","","","11.7","","11.7","","","","11.2","","12.2","","12.7","","","","","",
"Austria","AUT","Poverty headcount ratio at societal poverty line (% of population)","SI.POV.SOPO","","","","","","","","","","","","","","","","","","","","","","","","","","","","","","","","","","","10.5","11.2","10.5","11","10.2","9.7","9.5","","","10.2","9.8","9.5","9.4","11.4","11.9","12.3","11.8","11.2","12.2","10.6","11.8","12.8","12.1","12","11.9","11.4","12.1","12.5","","",
"Azerbaijan","AZE","Poverty headcount ratio at societal poverty line (% of population)","SI.POV.SOPO","","","","","","","","","","","","","","","","","","","","","","","","","","","","","","","","","","","","32.1","","","","","","27.7","10.3","13.6","10.6","8.3","","","","","","","","","","","","","","","","","","",
"Burundi","BDI","Poverty headcount ratio at societal poverty line (% of population)","SI.POV.SOPO","","","","","","","","","","","","","","","","","","","","","","","","","","","","","","","","","75.1","","","","","","79.4","","","","","","","","71.8","","","","","","","65.1","","","","","","","62.1","","","",
"Belgium","BEL","Poverty headcount ratio at societal poverty line (% of population)","SI.POV.SOPO","","","","","","","","","","","","","","","","","","","","","","","","","","8.2","","","8","","","","8.5","","","10.5","","9.4","","","8.2","","","10.6","10.6","9.9","10.5","10.4","10.4","10.8","10.7","11","10.6","11.8","11","11.9","11.6","10.7","10.6","9.6","9","9.2","","",
"Benin","BEN","Poverty headcount ratio at societal poverty line (% of population)","SI.POV.SOPO","","","","","","","","","","","","","","","","","","","","","","","","","","","","","","","","","","","","","","","","","","","","54","","","","","","","","54.3","","","","52.3","","","37.9","","","33.5","","",
"Burkina Faso","BFA","Poverty headcount ratio at societal poverty line (% of population)","SI.POV.SOPO","","","","","","","","","","","","","","","","","","","","","","","","","","","","","","","","","","","82.1","","","","79.9","","","","","54.7","","","","","","53.3","","","","","47.7","","","","43.2","","","40.5","","",
"Bangladesh","BGD","Poverty headcount ratio at societal poverty line (% of population)","SI.POV.SOPO","","","","","","","","","","","","","","","","","","","","","","","","46.8","","44.1","","","48.9","","","48.8","","","","45.3","","","","","44.2","","","","","40.1","","","","","37","","","","","","34.1","","","","","","28.1","",
"Bulgaria","BGR","Poverty headcount ratio at societal poverty line (% of population)","SI.POV.SOPO","","","","","","","","","","","","","","","","","","","","","","","","","","","","","","","","","","","","","","","","","","","","","","","22.4","18.6","17.3","18.1","19.5","18.8","19.3","19.5","18.8","20","19.2","18.4","17.2","17.6","15.5","15.8","","",
"Bahrain","BHR","Poverty headcount ratio at societal poverty line (% of population)","SI.POV.SOPO","","","","","","","","","","","","","","","","","","","","","","","","","","","","","","","","","","","","","","","","","","","","","","","","","","","","","","","","","","","","","","","","",
"Bahamas, The","BHS","Poverty headcount ratio at societal poverty line (% of population)","SI.POV.SOPO","","","","","","","","","","","","","","","","","","","","","","","","","","","","","","","","","","","","","","","","","","","","","","","","","","","","","","","","","","","","","","","","",
"Bosnia and Herzegovina","BIH","Poverty headcount ratio at societal poverty line (% of population)","SI.POV.SOPO","","","","","","","","","","","","","","","","","","","","","","","","","","","","","","","","","","","","","","","","","","13.9","","","16.3","","","16.6","","","","16.3","","","","","","","","","","","","",
"Belarus","BLR","Poverty headcount ratio at societal poverty line (% of population)","SI.POV.SOPO","","","","","","","","","","","","","","","","","","","","","","","","","","","","","","","","","","","","","","","38","36.7","33.1","27.8","25.7","23.5","19.7","19.2","18.1","16.6","15.2","15","14.3","13.6","11.9","10.6","11.5","10.9","10.1","9.8","9.2","9.1","8.1","","","",
"Belize","BLZ","Poverty headcount ratio at societal poverty line (% of population)","SI.POV.SOPO","","","","","","","","","","","","","","","","","","","","","","","","","","","","","","","","","","33.1","33.1","","34.6","37.5","40.4","37","","","","","","","","","","","","","","","","","","","","","","","","",
"Bermuda","BMU","Poverty headcount ratio at societal poverty line (% of population)","SI.POV.SOPO","","","","","","","","","","","","","","","","","","","","","","","","","","","","","","","","","","","","","","","","","","","","","","","","","","","","","","","","","","","","","","","","",
"Bolivia","BOL","Poverty headcount ratio at societal poverty line (% of population)","SI.POV.SOPO","","","","","","","","","","","","","","","","","","","","","","","","","","","","","","","28.5","","30.8","","","","","34.1","","37.9","38.2","35.2","35.9","","31.1","33.7","33.1","34","29.9","28.9","","26.5","27.7","27.5","26.4","26.6","26.8","26.7","24.7","22.7","22.8","23","","",
"Brazil","BRA","Poverty headcount ratio at societal poverty line (% of population)","SI.POV.SOPO","","","","","","","","","","","","","","","","","","","","","","39.2","39.6","42.4","41.9","40.3","34.5","37.9","38.7","38.1","39.5","","38.6","38.7","","34.9","35.9","36","35","35.6","","34.6","34.4","34.5","33.7","33.1","31.9","31.7","30.5","30.2","","29.2","29.2","28.1","27.7","28","28.7","29.1","29.1","29.3","23.5","28.9","27.2","",
"Barbados","BRB","Poverty headcount ratio at societal poverty line (% of population)","SI.POV.SOPO","","","","","","","","","","","","","","","","","","","","","","","","","","","","","","","","","","","","","","","","","","","","","","","","","","","","","","","","","","","","","","","","",
"Brunei Darussalam","BRN","Poverty headcount ratio at societal poverty line (% of population)","SI.POV.SOPO","","","","","","","","","","","","","","","","","","","","","","","","","","","","","","","","","","","","","","","","","","","","","","","","","","","","","","","","","","","","","","","","",
"Bhutan","BTN","Poverty headcount ratio at societal poverty line (% of population)","SI.POV.SOPO","","","","","","","","","","","","","","","","","","","","","","","","","","","","","","","","","","","","","","","","","","","","35.9","","","","30.2","","","","","24.5","","","","","25.2","","","","","14.4","",
"Botswana","BWA","Poverty headcount ratio at societal poverty line (% of population)","SI.POV.SOPO","","","","","","","","","","","","","","","","","","","","","","","","","","47.4","","","","","","","","43.8","","","","","","","","","41.9","","","","","","","37.5","","","","","","36.8","","","","","","","","",
"Central African Republic","CAF","Poverty headcount ratio at societal poverty line (% of population)","SI.POV.SOPO","","","","","","","","","","","","","","","","","","","","","","","","","","","","","","","","","82.2","","","","","","","","","","","","","","","","61.9","","","","","","","","","","","","","65.7","","",
"Canada","CAN","Poverty headcount ratio at societal poverty line (% of population)","SI.POV.SOPO","","","","","","","","","","","","19","","17","","15.7","","15.7","","15.5","","14.2","14.5","","15.2","15","14","13.7","12.7","12.7","13.7","14.2","14","14.2","14","14.5","15","14.7","14.7","15.2","15","14.7","14.7","15.5","15.2","15","14.5","14","15","14.7","14.5","13.7","15.7","16","14.5","15.2","14.5","14.7","13.5","12.5","","","","",
"Central Europe and the Baltics","CEB","Poverty headcount ratio at societal poverty line (% of population)","SI.POV.SOPO","","","","","","","","","","","","","","","","","","","","","","","","","","","","","","","","","","","","","","","","","","","","","","","","","","","","","","","","","","","","","","","","",
"Switzerland","CHE","Poverty headcount ratio at societal poverty line (% of population)","SI.POV.SOPO","","","","","","","","","","","","","","","","","","","","","","","10.5","","","","","","","","","","11.2","","","","","","","","10.5","","11","","10","","12.7","12.9","12.6","11.3","12","11.6","10.6","11.4","11.6","12.2","12.2","11.9","12.5","12.1","11.7","","","",
"Channel Islands","CHI","Poverty headcount ratio at societal poverty line (% of population)","SI.POV.SOPO","","","","","","","","","","","","","","","","","","","","","","","","","","","","","","","","","","","","","","","","","","","","","","","","","","","","","","","","","","","","","","","","",
"Chile","CHL","Poverty headcount ratio at societal poverty line (% of population)","SI.POV.SOPO","","","","","","","","","","","","","","","","","","","","","","","","","","","","35.4","","","33.3","","30.9","","31.2","","29.5","","29.3","","29.1","","","28.7","","","24.6","","","23","","22","","20.3","","19.3","","18.9","","","20.6","","18.1","",
"China","CHN","Poverty headcount ratio at societal poverty line (% of population)","SI.POV.SOPO","","","","","","","","","","","","","","","","","","","","","","","","","","","","","","","72","","","65.6","","","51.2","","","50","","","45.4","","","38.9","","","36.8","","35","32.7","31.7","27.5","26.5","25.3","24.4","24.3","23.3","22.1","20.9","19","","",
"Cote d'Ivoire","CIV","Poverty headcount ratio at societal poverty line (% of population)","SI.POV.SOPO","","","","","","","","","","","","","","","","","","","","","","","","","","29.8","28.6","32.1","33.4","","","","40.7","","","43.2","","","41.4","","","","42.9","","","","","","44.9","","","","","","","44.3","","","34.3","","","31.9","","",
"Cameroon","CMR","Poverty headcount ratio at societal poverty line (% of population)","SI.POV.SOPO","","","","","","","","","","","","","","","","","","","","","","","","","","","","","","","","","","","","","51.7","","","","","40.2","","","","","","42.8","","","","","","","39.7","","","","","","","38.4","","",
"Congo, Dem. Rep.","COD","Poverty headcount ratio at societal poverty line (% of population)","SI.POV.SOPO","","","","","","","","","","","","","","","","","","","","","","","","","","","","","","","","","","","","","","","","","","","","","91.5","","","","","","","","69.7","","","","","","","","78.9","","","",
"Congo, Rep.","COG","Poverty headcount ratio at societal poverty line (% of population)","SI.POV.SOPO","","","","","","","","","","","","","","","","","","","","","","","","","","","","","","","","","","","","","","","","","","","","","","51.4","","","","","","43.7","","","","","","","","","","","","",
"Colombia","COL","Poverty headcount ratio at societal poverty line (% of population)","SI.POV.SOPO","","","","","","","","","","","","","","","","","","","","","37.9","","","","","","","","34.9","34.9","","34","31.4","","","","35.8","","","37.8","34.7","37.1","34.7","33","33.5","32.2","","","33.2","32.6","31.4","30.5","30.4","30.2","29.6","28.9","28.6","28.2","28.4","29.2","30.9","30.5","29.3","",
"Comoros","COM","Poverty headcount ratio at societal poverty line (% of population)","SI.POV.SOPO","","","","","","","","","","","","","","","","","","","","","","","","","","","","","","","","","","","","","","","","","","","","","34.5","","","","","","","","","","35.9","","","","","","","","","",
"Cabo Verde","CPV","Poverty headcount ratio at societal poverty line (% of population)","SI.POV.SOPO","","","","","","","","","","","","","","","","","","","","","","","","","","","","","","","","","","","","","","","","","","37.3","","","","","","32.5","","","","","","","","29.1","","","","","","","","",
"Costa Rica","CRI","Poverty headcount ratio at societal poverty line (% of population)","SI.POV.SOPO","","","","","","","","","","","","","","","","","","","","","","39.6","","","","","31.6","","","31.1","29.6","32.1","30.1","29.4","28.3","28.6","29.3","29","27.2","28.4","28.1","27.7","27.5","27.1","27.2","26","26","24.5","24.2","25.9","23.9","25.8","24.9","24.1","24.9","23.7","24.6","23.4","23.6","24","25.7","24.6","23.8","24.1",
"Caribbean small states","CSS","Poverty headcount ratio at societal poverty line (% of population)","SI.POV.SOPO","","","","","","","","","","","","","","","","","","","","","","","","","","","","","","","","","","","","","","","","","","","","","","","","","","","","","","","","","","","","","","","","",
"Cuba","CUB","Poverty headcount ratio at societal poverty line (% of population)","SI.POV.SOPO","","","","","","","","","","","","","","","","","","","","","","","","","","","","","","","","","","","","","","","","","","","","","","","","","","","","","","","","","","","","","","","","",
"Curacao","CUW","Poverty headcount ratio at societal poverty line (% of population)","SI.POV.SOPO","","","","","","","","","","","","","","","","","","","","","","","","","","","","","","","","","","","","","","","","","","","","","","","","","","","","","","","","","","","","","","","","",
"Cayman Islands","CYM","Poverty headcount ratio at societal poverty line (% of population)","SI.POV.SOPO","","","","","","","","","","","","","","","","","","","","","","","","","","","","","","","","","","","","","","","","","","","","","","","","","","","","","","","","","","","","","","","","",
"Cyprus","CYP","Poverty headcount ratio at societal poverty line (% of population)","SI.POV.SOPO","","","","","","","","","","","","","","","","","","","","","","","","","","","","","","","","","","","","","","","","","","","","","9","7.9","8.4","8.3","9.1","9.1","8.7","8.7","10.1","10.1","11.7","11.7","10.2","11","9.1","9.3","9.1","9.7","","",
"Czechia","CZE","Poverty headcount ratio at societal poverty line (% of population)","SI.POV.SOPO","","","","","","","","","","","","","","","","","","","","","","","","","","","","","","","","","4.2","5.3","","","8.5","","","","","","9.5","","10.5","10.3","9.2","7.8","7.5","7.6","9.1","9.4","8.3","9.1","7.6","7.9","7","6","6.2","5.9","6.9","6.9","","",
"Germany","DEU","Poverty headcount ratio at societal poverty line (% of population)","SI.POV.SOPO","","","","","","","","","","","","","","","","","","","","","","","","","","","","","","","","9","9","8.2","10.5","10.1","9.2","9.5","9","9","9.5","9.2","9.2","9.5","10","10.5","10","10","10.2","10.7","10.2","10","11","11","11.7","11.7","12.2","12","12","12.2","12","","","",
"Djibouti","DJI","Poverty headcount ratio at societal poverty line (% of population)","SI.POV.SOPO","","","","","","","","","","","","","","","","","","","","","","","","","","","","","","","","","","","","","","","","","","","38.5","","","","","","","","","","35.7","38","","","","36.4","","","","","","",
"Dominica","DMA","Poverty headcount ratio at societal poverty line (% of population)","SI.POV.SOPO","","","","","","","","","","","","","","","","","","","","","","","","","","","","","","","","","","","","","","","","","","","","","","","","","","","","","","","","","","","","","","","","",
"Denmark","DNK","Poverty headcount ratio at societal poverty line (% of population)","SI.POV.SOPO","","","","","","","","","","","","","","","","","","","","","","","","","","","","7","","","","","7.2","","","5","","","","","5.5","","","6.5","6.5","6.6","6.2","6.1","6.4","8","8.2","7.3","7.1","8","7.6","6.9","7.4","7.9","7.7","6.8","7.5","8","","",
"Dominican Republic","DOM","Poverty headcount ratio at societal poverty line (% of population)","SI.POV.SOPO","","","","","","","","","","","","","","","","","","","","","","","","","","","30.2","","","36.3","","","31.1","","","","29.9","29.7","","","30.1","29.6","29.7","31.4","33.2","30.8","30.5","29.4","29.6","28.9","29.9","28.4","27.7","27.7","26.7","26.3","26.3","22.2","21.6","21.5","20.9","20.4","21.4","",
"Algeria","DZA","Poverty headcount ratio at societal poverty line (% of population)","SI.POV.SOPO","","","","","","","","","","","","","","","","","","","","","","","","","","","","","28.9","","","","","","","29","","","","","","","","","","","","","","","","17.6","","","","","","","","","","","","",
"East Asia & Pacific (excluding high income)","EAP","Poverty headcount ratio at societal poverty line (% of population)","SI.POV.SOPO","","","","","","","","","","","","","","","","","","","","","","","","","","","","","","","","","","","","","","","","","","","","","","","","","","","","","","","","","","","","","","","","",
"Early-demographic dividend","EAR","Poverty headcount ratio at societal poverty line (% of population)","SI.POV.SOPO","","","","","","","","","","","","","","","","","","","","","","","","","","","","","","","","","","","","","","","","","","","","","","","","","","","","","","","","","","","","","","","","",
"East Asia & Pacific","EAS","Poverty headcount ratio at societal poverty line (% of population)","SI.POV.SOPO","","","","","","","","","","","","","","","","","","","","","","","","","75.5","71.8","69.1","65.5","60.3","68.6","67.1","65.8","63.8","61.9","56.2","52.1","49.9","49.7","50.9","48.3","47.1","45.7","43.5","41.6","39.9","38","37.7","36.6","36","35","34.1","32.3","31.3","28.3","27.5","26.2","25.5","24.9","24","23","22.2","20.9","20.6","",
"Europe & Central Asia (excluding high income)","ECA","Poverty headcount ratio at societal poverty line (% of population)","SI.POV.SOPO","","","","","","","","","","","","","","","","","","","","","","","","","","","","","","","","","","","","","","","","","","","","","","","","","","","","","","","","","","","","","","","","",
"Europe & Central Asia","ECS","Poverty headcount ratio at societal poverty line (% of population)","SI.POV.SOPO","","","","","","","","","","","","","","","","","","","","","","","","","","","","","","","23.3","23.9","25","26.4","28.3","27.9","28.2","26.7","26.8","29","28.4","27.4","26.4","26.2","24.7","23.4","21.9","20.4","19.1","18.7","18.2","17.8","17.7","17.3","17.5","16.9","17","16.6","15.9","15.9","15.5","15.6","15.5","",
"Ecuador","ECU","Poverty headcount ratio at societal poverty line (% of population)","SI.POV.SOPO","","","","","","","","","","","","","","","","","","","","","","","","","","","","35.4","","","","","","","35","33.1","","","34.8","37.8","40.6","","","34.8","35","32.9","31.2","30.8","30.4","29.4","28.9","27.9","27.9","27.4","26","26.3","25.9","26.3","26.5","27.2","27.2","27.4","27.5","26.7",
"Egypt, Arab Rep.","EGY","Poverty headcount ratio at societal poverty line (% of population)","SI.POV.SOPO","","","","","","","","","","","","","","","","","","","","","","","","","","","","","","","28.8","","","","","26.9","","","","23.7","","","","","24.9","","","","23.5","","20.8","","18.3","","","19.3","","22.7","","21.4","","","","",
"Euro area","EMU","Poverty headcount ratio at societal poverty line (% of population)","SI.POV.SOPO","","","","","","","","","","","","","","","","","","","","","","","","","","","","","","","","","","","","","","","","","","","","","","","","","","","","","","","","","","","","","","","","",
"Eritrea","ERI","Poverty headcount ratio at societal poverty line (% of population)","SI.POV.SOPO","","","","","","","","","","","","","","","","","","","","","","","","","","","","","","","","","","","","","","","","","","","","","","","","","","","","","","","","","","","","","","","","",
"Spain","ESP","Poverty headcount ratio at societal poverty line (% of population)","SI.POV.SOPO","","","","","","","","","","","","","","","","","","","","","17.5","","","","","16.7","","","","","14.2","","","17.5","18","16.2","18.7","16.5","16.5","14.7","15.2","","","15.6","15.4","15.3","16","15.6","16.5","16.9","16.8","17.7","18","19.9","19.5","19","18.7","17.9","17.5","17.5","17.9","16.9","","",
"Estonia","EST","Poverty headcount ratio at societal poverty line (% of population)","SI.POV.SOPO","","","","","","","","","","","","","","","","","","","","","","","","","","","","","","","","","","","","","","","","","","","","19.1","16","14.3","13.3","12.4","12.6","13.7","15.4","14.2","13.3","13.9","13.4","12.4","11.5","11.8","11.6","10.7","10.6","10","","",
"Ethiopia","ETH","Poverty headcount ratio at societal poverty line (% of population)","SI.POV.SOPO","","","","","","","","","","","","","","","","","","","","","","","","","","","","","","","","","","","","69.2","","","","58","","","","","44.7","","","","","","42.8","","","","","41","","","","","","","","",
"European Union","EUU","Poverty headcount ratio at societal poverty line (% of population)","SI.POV.SOPO","","","","","","","","","","","","","","","","","","","","","","","","","","","","","","","","","","","","","","","","","","","","","","","","","","","","","","","","","","","","","","","","",
"Fragile and conflict affected situations","FCS","Poverty headcount ratio at societal poverty line (% of population)","SI.POV.SOPO","","","","","","","","","","","","","","","","","","","","","","","","","","","","","","","","","","55.5","56.6","57","56.2","55.7","55","54.7","","51.6","50.9","50","48.1","47.2","46.4","45.4","44.5","44.3","43.1","42.5","42","41.5","41.2","42.2","42.6","42.5","42.4","","","","","",
"Finland","FIN","Poverty headcount ratio at societal poverty line (% of population)","SI.POV.SOPO","","","","","","","","","","","","","","","","","","","","","","","","","","","","5.5","","","","5.2","","","","4.2","","","","","7.5","","","7.9","7.3","7.3","7.9","7.9","8.2","8.2","8.4","7.9","7.6","7.8","8","7.7","7.6","8.1","7.7","8","7.6","7.8","","",
"Fiji","FJI","Poverty headcount ratio at societal poverty line (% of population)","SI.POV.SOPO","","","","","","","","","","","","","","","","","","","","","","","","","","","","","","","","","","","","","","","","","","","24.8","","","","","","21.7","","","","","19.9","","","","","","21.6","","","","",
"France","FRA","Poverty headcount ratio at societal poverty line (% of population)","SI.POV.SOPO","","","","","","","","","","","15.2","","","","","13.5","","","","14","","","","","14","","","","","","13","","","","","","14.2","14","13.5","13.5","13.5","13.5","12.2","10.8","10.7","10.6","11","11","11.3","12.5","12","11.5","11.5","11.4","11.4","11.8","11.7","11.7","11.2","13.1","12.7","13.3","","",
"Faroe Islands","FRO","Poverty headcount ratio at societal poverty line (% of population)","SI.POV.SOPO","","","","","","","","","","","","","","","","","","","","","","","","","","","","","","","","","","","","","","","","","","","","","","","","","","","","","","","","","","","","","","","","",
"Micronesia, Fed. Sts.","FSM","Poverty headcount ratio at societal poverty line (% of population)","SI.POV.SOPO","","","","","","","","","","","","","","","","","","","","","","","","","","","","","","","","","","","","","","","","","","","","","","32.8","","","","","","","","34.8","","","","","","","","","","",
"Gabon","GAB","Poverty headcount ratio at societal poverty line (% of population)","SI.POV.SOPO","","","","","","","","","","","","","","","","","","","","","","","","","","","","","","","","","","","","","","","","","","","","","","28.5","","","","","","","","","","","","25","","","","","","",
"United Kingdom","GBR","Poverty headcount ratio at societal poverty line (% of population)","SI.POV.SOPO","","","","","","","","","8.2","9.5","8.7","10","10.7","8.7","10","9.5","9.2","9.2","10.2","9.2","10.2","12","11.7","11.7","12","12","13","13.5","13","13.7","14.5","14.5","15.7","16.2","15.5","15.2","15.2","15.5","15.2","15.5","14.5","14.5","13.7","14","13.7","14.5","14.2","14.5","14.7","14","13.2","13.5","13.2","13.2","13.7","14","14","14.2","14.5","14.5","13.2","13.2","","",
"Georgia","GEO","Poverty headcount ratio at societal poverty line (% of population)","SI.POV.SOPO","","","","","","","","","","","","","","","","","","","","","","","","","","","","","","","","","","","","","28.1","35.8","35.4","37.3","38.7","38.7","32.6","33.3","32","33.3","32.6","33.8","32.9","32.5","33.7","32.4","32","30.2","28.5","27.9","27","28.3","27.6","26.7","27.9","27.1","25","",
"Ghana","GHA","Poverty headcount ratio at societal poverty line (% of population)","SI.POV.SOPO","","","","","","","","","","","","","","","","","","","","","","","","","","","","58.4","57.7","","","64.2","","","","","","","55","","","","","","","47.6","","","","","","","40","","","","39.1","","","","","","","",
"Gibraltar","GIB","Poverty headcount ratio at societal poverty line (% of population)","SI.POV.SOPO","","","","","","","","","","","","","","","","","","","","","","","","","","","","","","","","","","","","","","","","","","","","","","","","","","","","","","","","","","","","","","","","",
"Guinea","GIN","Poverty headcount ratio at societal poverty line (% of population)","SI.POV.SOPO","","","","","","","","","","","","","","","","","","","","","","","","","","","","","","","","88","","","47.5","","","","","","","","53.5","","","","","51.3","","","","","39.9","","","","","","34","","","","","",
"Gambia, The","GMB","Poverty headcount ratio at societal poverty line (% of population)","SI.POV.SOPO","","","","","","","","","","","","","","","","","","","","","","","","","","","","","","","","","","","","","","","74.1","","","","","51.9","","","","","","","42.5","","","","","33.5","","","","","35.9","","","",
"Guinea-Bissau","GNB","Poverty headcount ratio at societal poverty line (% of population)","SI.POV.SOPO","","","","","","","","","","","","","","","","","","","","","","","","","","","","","","","","47.4","","47.4","","","","","","","","","53.9","","","","","","","","66.7","","","","","","","","40","","","39.9","","",
"Equatorial Guinea","GNQ","Poverty headcount ratio at societal poverty line (% of population)","SI.POV.SOPO","","","","","","","","","","","","","","","","","","","","","","","","","","","","","","","","","","","","","","","","","","","","","","","","","","","","","","","","","","","","","","","","",
"Greece","GRC","Poverty headcount ratio at societal poverty line (% of population)","SI.POV.SOPO","","","","","","","","","","","","","","","","","","","","","","","","","","","","","","","","","","","","19","","","","","17.7","","","15.9","15.8","16.7","16.8","16.4","15","15.6","17.2","19.6","21.1","20.2","20.2","20.7","19.3","18.5","17","16.8","17.7","16.7","","",
"Grenada","GRD","Poverty headcount ratio at societal poverty line (% of population)","SI.POV.SOPO","","","","","","","","","","","","","","","","","","","","","","","","","","","","","","","","","","","","","","","","","","","","","","","","","","","","","","","","","","","18.8","","","","","",
"Greenland","GRL","Poverty headcount ratio at societal poverty line (% of population)","SI.POV.SOPO","","","","","","","","","","","","","","","","","","","","","","","","","","","","","","","","","","","","","","","","","","","","","","","","","","","","","","","","","","","","","","","","",
"Guatemala","GTM","Poverty headcount ratio at societal poverty line (% of population)","SI.POV.SOPO","","","","","","","","","","","","","","","","","","","","","","","","","","","51.2","","","44.9","","","","","","","","","34.8","","31.7","","","","","","33.7","","","","","","","","32.3","","","","","","","","","",
"Guam","GUM","Poverty headcount ratio at societal poverty line (% of population)","SI.POV.SOPO","","","","","","","","","","","","","","","","","","","","","","","","","","","","","","","","","","","","","","","","","","","","","","","","","","","","","","","","","","","","","","","","",
"Guyana","GUY","Poverty headcount ratio at societal poverty line (% of population)","SI.POV.SOPO","","","","","","","","","","","","","","","","","","","","","","","","","","","","","","","","","41.4","","","","","","30.8","","","","","","","","","","","","","","","","","","","","","","","","","",
"High income","HIC","Poverty headcount ratio at societal poverty line (% of population)","SI.POV.SOPO","","","","","","","","","","","","","","","","","","","","","","","17","17.2","17.1","17.1","17","17","17","16.8","17","17.2","17.6","18.3","18.6","18.1","18.2","17.3","17.4","17.6","17.3","17.1","17","17","16.8","16.7","16.6","16.4","16.3","15.8","15.3","15.4","15.6","15.6","15.4","15.5","15.5","15.5","15.2","15.2","14.6","14.3","14.9","",
"Hong Kong SAR, China","HKG","Poverty headcount ratio at societal poverty line (% of population)","SI.POV.SOPO","","","","","","","","","","","","","","","","","","","","","","","","","","","","","","","","","","","","","","","","","","","","","","","","","","","","","","","","","","","","","","","","",
"Honduras","HND","Poverty headcount ratio at societal poverty line (% of population)","SI.POV.SOPO","","","","","","","","","","","","","","","","","","","","","","","","","","","","","","46.4","47.3","41.9","39.7","38.9","39.2","39.8","41.7","37.6","38.8","38.6","","37.5","38.1","40.3","40","39.5","38","35.6","35.2","33.9","34.2","34.6","36.8","34.8","34.8","35.1","35.1","33.7","34.1","34.9","","","","",
"Heavily indebted poor countries (HIPC)","HPC","Poverty headcount ratio at societal poverty line (% of population)","SI.POV.SOPO","","","","","","","","","","","","","","","","","","","","","","","","","","","","","","","","","","","","","","","","","","","","","","","","","","","","","","","","","","","","","","","","",
"Croatia","HRV","Poverty headcount ratio at societal poverty line (% of population)","SI.POV.SOPO","","","","","","","","","","","","","","","","","","","","","","","","","","","","","","","","","","","","","","","","","","","","","","","","","","17.6","17.1","18.1","18.1","18.3","18.1","17.7","16.7","16.4","14.1","13.8","14.1","13.3","","",
"Haiti","HTI","Poverty headcount ratio at societal poverty line (% of population)","SI.POV.SOPO","","","","","","","","","","","","","","","","","","","","","","","","","","","","","","","","","","","","","","","","","","","","","","","","","","","","","41.8","","","","","","","","","","","",
"Hungary","HUN","Poverty headcount ratio at societal poverty line (% of population)","SI.POV.SOPO","","","","","","","","","","","","","","","","","","","","","","","","","","","","","","","","","","","","","","","","","","","","","14.7","17.2","13.1","13.6","14","14.1","15.1","15.1","17","16.8","16.6","15.8","16","15","13.4","12.2","13.6","9.7","","",
"IBRD only","IBD","Poverty headcount ratio at societal poverty line (% of population)","SI.POV.SOPO","","","","","","","","","","","","","","","","","","","","","","","","","","","","","","","","","","","","","","","","","","","","","","","","","","","","","","","","","","","","","","","","",
"IDA & IBRD total","IBT","Poverty headcount ratio at societal poverty line (% of population)","SI.POV.SOPO","","","","","","","","","","","","","","","","","","","","","","","","","","","","","","","","","","","","","","","","","","","","","","","","","","","","","","","","","","","","","","","","",
"IDA total","IDA","Poverty headcount ratio at societal poverty line (% of population)","SI.POV.SOPO","","","","","","","","","","","","","","","","","","","","","","","","","","","","","","58.2","58.5","57.6","57","57.3","56.9","56.6","55.7","55.2","55","55","54.7","54.1","53.5","52.4","50.2","48.9","47.8","46.6","45.5","45","44.1","43.2","42.6","42","41.6","41.6","41.5","41.1","40.7","40.7","","","","",
"IDA blend","IDB","Poverty headcount ratio at societal poverty line (% of population)","SI.POV.SOPO","","","","","","","","","","","","","","","","","","","","","","","","","","","","","","","","","","","","","","","","","","","","","","","","","","","","","","","","","","","","","","","","",
"Indonesia","IDN","Poverty headcount ratio at societal poverty line (% of population)","SI.POV.SOPO","","","","","","","","","","","","","","","","","","","","","","","","","74.3","","","74.6","","","61.8","","","61.2","","","52.4","","68.3","50","49.8","48.1","39.9","39.4","39.3","37.9","40.9","38.6","37.3","37","36.6","35.8","33.7","34.8","34.3","32.1","31.6","28.7","28.1","27.3","26.4","26.2","24.6","23.6",
"IDA only","IDX","Poverty headcount ratio at societal poverty line (% of population)","SI.POV.SOPO","","","","","","","","","","","","","","","","","","","","","","","","","","","","","","","","","","","","","","","","","","","","","","","","","","","","","","","","","","","","","","","","",
"Isle of Man","IMN","Poverty headcount ratio at societal poverty line (% of population)","SI.POV.SOPO","","","","","","","","","","","","","","","","","","","","","","","","","","","","","","","","","","","","","","","","","","","","","","","","","","","","","","","","","","","","","","","","",
"India","IND","Poverty headcount ratio at societal poverty line (% of population)","SI.POV.SOPO","","","","","","","","","","","","","","","","","","63.5","","","","","","56.7","","","","53.3","","","","","","51.8","","","","","","","","","","","48.1","","","","","44.7","","39.8","","","","37.1","36.8","34.3","32.4","34","34.8","33.1","","",
"Not classified","INX","Poverty headcount ratio at societal poverty line (% of population)","SI.POV.SOPO","","","","","","","","","","","","","","","","","","","","","","","","","","","","","","","","","","","","","","","","","","","","","","","","","","","","","","","","","","","","","","","","",
"Ireland","IRL","Poverty headcount ratio at societal poverty line (% of population)","SI.POV.SOPO","","","","","","","","","","","","","","","","","","","","","","","","","","","","20","","","","","","","16.5","16.7","15.7","","","","12.9","","12.7","13.3","13.5","12.7","11","10","11.5","12.5","12.6","13.2","13.6","14.1","11.9","11.5","10.9","9.7","8.5","9.5","7.8","7.8","","",
"Iran, Islamic Rep.","IRN","Poverty headcount ratio at societal poverty line (% of population)","SI.POV.SOPO","","","","","","","","","","","","","","","","","","","","","","","","","","","32.1","","","","31.3","","","","29.1","","","","29.5","","","","","","","24.4","25.5","","","24.7","","19.8","18.9","18.2","19.9","19.4","19.6","20.2","20.8","21.9","21.5","21.1","20","",
"Iraq","IRQ","Poverty headcount ratio at societal poverty line (% of population)","SI.POV.SOPO","","","","","","","","","","","","","","","","","","","","","","","","","","","","","","","","","","","","","","","","","","","","","","","15.2","","","","","","16.3","","","","","","","","","","","",
"Iceland","ISL","Poverty headcount ratio at societal poverty line (% of population)","SI.POV.SOPO","","","","","","","","","","","","","","","","","","","","","","","","","","","","","","","","","","","","","","","","","","","","7.6","6.6","7.6","7.7","7.3","8.1","7.9","7.9","8.5","8.4","6.6","7.6","7.2","7.8","7.1","","","","","","",
"Israel","ISR","Poverty headcount ratio at societal poverty line (% of population)","SI.POV.SOPO","","","","","","","","","","","","","","","","","","","","21.6","","","","","","","20.7","","","","","","18.5","","","","","21.7","","","","22.5","23.5","24.5","25.5","25.5","25","25.2","24.5","26.2","25.5","25.2","24.7","22.7","23.7","22.7","23.2","22.5","22.5","22.5","22","22.2","","",
"Italy","ITA","Poverty headcount ratio at societal poverty line (% of population)","SI.POV.SOPO","","","","","","","","","","","","","","","","","","17.2","14.2","15.5","13.7","13.2","13.2","13.5","13.7","","14.5","17","","14.2","","14","","19.2","","18.2","","","18.2","","17.2","","17.2","15.4","15","15.7","15.3","14.9","15.2","15.3","15.9","16.5","16.2","16.4","17","17.8","17.5","17.8","17.1","16.5","17.3","16.6","","",
"Jamaica","JAM","Poverty headcount ratio at societal poverty line (% of population)","SI.POV.SOPO","","","","","","","","","","","","","","","","","","","","","","","","","","","","","28.5","","27.1","","","29.4","","","25.4","","","24.3","","","26.3","","23","","","","","","","","","","","","","","17.2","","","22","","",
"Jordan","JOR","Poverty headcount ratio at societal poverty line (% of population)","SI.POV.SOPO","","","","","","","","","","","","","","","","","","","","","","","","","","","19.5","","","","","","24.7","","","","","20.7","","","","","19.1","","","","14.8","","14.3","","14","","","","","","","","","","","","","",
"Japan","JPN","Poverty headcount ratio at societal poverty line (% of population)","SI.POV.SOPO","","","","","","","","","","","","","","","","","","","","","","","","","","","","","","","","","","","","","","","","","","","","","","","","","18","","9.7","","","11","","","","","","","","","","",
"Kazakhstan","KAZ","Poverty headcount ratio at societal poverty line (% of population)","SI.POV.SOPO","","","","","","","","","","","","","","","","","","","","","","","","","","","","","","","","","","","","","30.1","","","","","33.4","31.2","29.5","26.1","31.9","18","16.8","14.8","15.3","14","12.9","13.6","11.3","11.2","11.2","12.8","11.7","10.1","10.2","9.5","8.3","","",
"Kenya","KEN","Poverty headcount ratio at societal poverty line (% of population)","SI.POV.SOPO","","","","","","","","","","","","","","","","","","","","","","","","","","","","","","","","","40.4","","40","","","40.1","","","","","","","","45.6","","","","","","","","","","42.4","","","","","44.8","45.7","","",
"Kyrgyz Republic","KGZ","Poverty headcount ratio at societal poverty line (% of population)","SI.POV.SOPO","","","","","","","","","","","","","","","","","","","","","","","","","","","","","","","","","","","","","","","","","46.9","44","44","39.3","33.8","34.1","32.1","30","26.8","23.1","23.6","22.5","21.3","24.1","20.2","22.1","19.8","20.5","19.7","18.4","22.6","19.5","19.5","",
"Cambodia","KHM","Poverty headcount ratio at societal poverty line (% of population)","SI.POV.SOPO","","","","","","","","","","","","","","","","","","","","","","","","","","","","","","","","","","","","","","","","","","","","","","","","","","","","","","","","","","","","","","","","",
"Kiribati","KIR","Poverty headcount ratio at societal poverty line (% of population)","SI.POV.SOPO","","","","","","","","","","","","","","","","","","","","","","","","","","","","","","","","","","","","","","","","","","","","","","","32.6","","","","","","","","","","","","","22.2","","","","",
"St. Kitts and Nevis","KNA","Poverty headcount ratio at societal poverty line (% of population)","SI.POV.SOPO","","","","","","","","","","","","","","","","","","","","","","","","","","","","","","","","","","","","","","","","","","","","","","","","","","","","","","","","","","","","","","","","",
"Korea, Rep.","KOR","Poverty headcount ratio at societal poverty line (% of population)","SI.POV.SOPO","","","","","","","","","","","","","","","","","","","","","","","","","","","","","","","","","","","","","","","","","","","","","","","15.2","","15.2","","14.5","","15","","14.2","","17.2","17","16","15.2","14","14.2","","",
"Kuwait","KWT","Poverty headcount ratio at societal poverty line (% of population)","SI.POV.SOPO","","","","","","","","","","","","","","","","","","","","","","","","","","","","","","","","","","","","","","","","","","","","","","","","","","","","","","","","","","","","","","","","",
"Latin America & Caribbean (excluding high income)","LAC","Poverty headcount ratio at societal poverty line (% of population)","SI.POV.SOPO","","","","","","","","","","","","","","","","","","","","","","","","","","","","","","","","","","","","","","","","","","","","","","","","","","","","","","","","","","","","","","","","",
"Lao PDR","LAO","Poverty headcount ratio at societal poverty line (% of population)","SI.POV.SOPO","","","","","","","","","","","","","","","","","","","","","","","","","","","","","","","","","41.1","","","","","49.1","","","","","40.7","","","","","37.7","","","","","32.1","","","","","","30.5","","","","","",
"Lebanon","LBN","Poverty headcount ratio at societal poverty line (% of population)","SI.POV.SOPO","","","","","","","","","","","","","","","","","","","","","","","","","","","","","","","","","","","","","","","","","","","","","","","","","","","","13.2","","","","","","","","","","","","",
"Liberia","LBR","Poverty headcount ratio at societal poverty line (% of population)","SI.POV.SOPO","","","","","","","","","","","","","","","","","","","","","","","","","","","","","","","","","","","","","","","","","","","","","","","","54.4","","","","","","","39.7","","40.8","","","","","","","",
"Libya","LBY","Poverty headcount ratio at societal poverty line (% of population)","SI.POV.SOPO","","","","","","","","","","","","","","","","","","","","","","","","","","","","","","","","","","","","","","","","","","","","","","","","","","","","","","","","","","","","","","","","",
"St. Lucia","LCA","Poverty headcount ratio at societal poverty line (% of population)","SI.POV.SOPO","","","","","","","","","","","","","","","","","","","","","","","","","","","","","","","","","","","","","","","","","","","","","","","","","","","","","","","","19.4","","","","","","","","",
"Latin America & Caribbean","LCN","Poverty headcount ratio at societal poverty line (% of population)","SI.POV.SOPO","","","","","","","","","","","","","","","","","","","","","","34.6","35","36.2","36","35.5","33.4","34.5","34.6","34.3","34.8","34.4","34.4","34.9","34.4","34.2","35","34.9","34.6","34.9","34.3","34.2","34","33.4","32.9","32.4","31.3","30.8","30.2","29.8","29","28.5","28.4","27.9","27.5","27.2","27.3","27.1","26.9","27","25.7","26.8","25.8","",
"Least developed countries: UN classification","LDC","Poverty headcount ratio at societal poverty line (% of population)","SI.POV.SOPO","","","","","","","","","","","","","","","","","","","","","","","","","","","","","","","","","","","","","","","","","","","","","","","","","","","","","","","","","","","","","","","","",
"Low income","LIC","Poverty headcount ratio at societal poverty line (% of population)","SI.POV.SOPO","","","","","","","","","","","","","","","","","","","","","","","","","","","","","","","","","","","","67.5","66.5","65.8","65.1","64.4","63.7","62.7","63","61.8","59.6","58.5","57.7","56.9","55.4","55.6","54.1","53.2","52.3","51.8","51.5","52.2","52.8","52.7","","","","","","",
"Liechtenstein","LIE","Poverty headcount ratio at societal poverty line (% of population)","SI.POV.SOPO","","","","","","","","","","","","","","","","","","","","","","","","","","","","","","","","","","","","","","","","","","","","","","","","","","","","","","","","","","","","","","","","",
"Sri Lanka","LKA","Poverty headcount ratio at societal poverty line (% of population)","SI.POV.SOPO","","","","","","","","","","","","","","","","","","","","","","","","","","35.6","","","","","33.1","","","","","33.3","","","","","","","33.6","","","","28.9","","","25.9","","","25.1","","","","23.9","","","23","","","","",
"Lower middle income","LMC","Poverty headcount ratio at societal poverty line (% of population)","SI.POV.SOPO","","","","","","","","","","","","","","","","","","","","","","57","56.2","54.6","53.8","53.3","52.9","52.8","52.2","52","51.8","51","50.4","50.2","49.7","49.3","48.7","","","","","","47.2","46.4","45.3","44.3","43.4","42.4","41.7","40.8","39.2","37.8","37","36.4","35.8","35.2","34.8","33.5","32.3","32.4","33.4","32.6","31.8","",
"Low & middle income","LMY","Poverty headcount ratio at societal poverty line (% of population)","SI.POV.SOPO","","","","","","","","","","","","","","","","","","","","","","","","","59.3","57.5","56","54.6","52.3","55.5","54.9","54.2","53.4","52.7","50.4","48.7","47.6","47.4","47.8","46.8","46.1","45.5","44.5","43.4","42","40.9","40.2","39.3","38.7","38","36.8","35.4","34.7","33.3","32.8","32.1","31.9","31.2","30.3","30.2","30.4","29.7","29.2","",
"Lesotho","LSO","Poverty headcount ratio at societal poverty line (% of population)","SI.POV.SOPO","","","","","","","","","","","","","","","","","","","","","","","","","","","54","","","","","","","","53.7","","","","","","","","66.3","","","","","","","","","","","","","","","43.1","","","","","","",
"Late-demographic dividend","LTE","Poverty headcount ratio at societal poverty line (% of population)","SI.POV.SOPO","","","","","","","","","","","","","","","","","","","","","","","","","","","","","","","","","","","","","","","","","","","","","","","","","","","","","","","","","","","","","","","","",
"Lithuania","LTU","Poverty headcount ratio at societal poverty line (% of population)","SI.POV.SOPO","","","","","","","","","","","","","","","","","","","","","","","","","","","","","","","","","","","","","","","","","","","","","21.7","18.9","15.5","15.5","15.8","20.2","20.7","16.9","18","17.1","17.7","17","18.1","15.6","15.1","13.8","12.5","13.1","","",
"Luxembourg","LUX","Poverty headcount ratio at societal poverty line (% of population)","SI.POV.SOPO","","","","","","","","","","","","","","","","","","","","","","","","","","7.7","8.9","10.2","8.4","7.5","7.7","8.2","7.6","6.5","9.5","9.2","10.2","10.2","11.2","11.5","11","10.2","8.8","10.9","11.2","11.3","11.2","11.1","12.5","13","11.3","14.2","13.4","13.8","12.1","13.3","12.5","14.4","15.3","13.9","15","13.4","","",
"Latvia","LVA","Poverty headcount ratio at societal poverty line (% of population)","SI.POV.SOPO","","","","","","","","","","","","","","","","","","","","","","","","","","","","","","","","","","","","","","","","","","","","","18.1","18.9","15.8","18.2","18.6","19.5","20.6","18.6","18.6","16.9","16.3","14.6","15.4","15.4","14.4","14.2","15.1","14.7","","",
"Macao SAR, China","MAC","Poverty headcount ratio at societal poverty line (% of population)","SI.POV.SOPO","","","","","","","","","","","","","","","","","","","","","","","","","","","","","","","","","","","","","","","","","","","","","","","","","","","","","","","","","","","","","","","","",
"St. Martin (French part)","MAF","Poverty headcount ratio at societal poverty line (% of population)","SI.POV.SOPO","","","","","","","","","","","","","","","","","","","","","","","","","","","","","","","","","","","","","","","","","","","","","","","","","","","","","","","","","","","","","","","","",
"Morocco","MAR","Poverty headcount ratio at societal poverty line (% of population)","SI.POV.SOPO","","","","","","","","","","","","","","","","","","","","","","","","","32.6","","","","","","30","","","","","","","","31.1","","32","","","","","","27.4","","","","","","","22.7","","","","","","","","","","",
"Monaco","MCO","Poverty headcount ratio at societal poverty line (% of population)","SI.POV.SOPO","","","","","","","","","","","","","","","","","","","","","","","","","","","","","","","","","","","","","","","","","","","","","","","","","","","","","","","","","","","","","","","","",
"Moldova","MDA","Poverty headcount ratio at societal poverty line (% of population)","SI.POV.SOPO","","","","","","","","","","","","","","","","","","","","","","","","","","","","","","","","","","","","","","33.8","39.3","44.4","42.8","39.8","34.2","28.5","29.5","31.9","24","22.3","20.8","21.2","18.5","17","16.1","15.1","13.2","12.5","11.4","12","10.5","11.4","","11.2","","",
"Madagascar","MDG","Poverty headcount ratio at societal poverty line (% of population)","SI.POV.SOPO","","","","","","","","","","","","","","","","","","","","","51.1","","","","","","","","","","","","","73.3","","","","69.4","","66.9","","71","","","","74.2","","","","","80.2","","80.7","","","","","","","","","","","",
"Maldives","MDV","Poverty headcount ratio at societal poverty line (% of population)","SI.POV.SOPO","","","","","","","","","","","","","","","","","","","","","","","","","","","","","","","","","","","","","","","","","","","28.5","","","","","","","27.2","","","","","","","13.9","","","12.8","","","","",
"Middle East & North Africa","MEA","Poverty headcount ratio at societal poverty line (% of population)","SI.POV.SOPO","","","","","","","","","","","","","","","","","","","","","","","","","","29.3","29.4","29.6","29.4","29.5","28.8","29.3","28.6","28.3","28","28","27.4","27","26.2","26","25.5","25.5","","25.3","24.4","24.2","24.1","24","23.6","22.9","22.1","21.2","20.7","20.6","21.1","21.4","22.1","22.5","22.5","","","","","",
"Mexico","MEX","Poverty headcount ratio at societal poverty line (% of population)","SI.POV.SOPO","","","","","","","","","","","","","","","","","","","","","","","","","","","","","","31.2","","","30.6","","31.9","","34.6","","34.6","","32.5","","30.5","","29.1","29.8","28.4","","30.1","","27.6","","27.5","","27","","25.2","","23.9","","24.7","","22.5","",
"Marshall Islands","MHL","Poverty headcount ratio at societal poverty line (% of population)","SI.POV.SOPO","","","","","","","","","","","","","","","","","","","","","","","","","","","","","","","","","","","","","","","","","","","","","","","","","","","","","","","","","","","","20.3","","","","",
"Middle income","MIC","Poverty headcount ratio at societal poverty line (% of population)","SI.POV.SOPO","","","","","","","","","","","","","","","","","","","","","","","","","","","","","","","","","","","","","","","","","","","","","","","","","","","","","","","","","","","","","","","","",
"North Macedonia","MKD","Poverty headcount ratio at societal poverty line (% of population)","SI.POV.SOPO","","","","","","","","","","","","","","","","","","","","","","","","","","","","","","","","","","","","","","","","","","","","","","","","","","30","28.9","27.5","26.8","26.2","24.4","26","24.9","24.5","24.1","23.3","","","","",
"Mali","MLI","Poverty headcount ratio at societal poverty line (% of population)","SI.POV.SOPO","","","","","","","","","","","","","","","","","","","","","","","","","","","","","","","","","","","84.5","","","","","","","57.2","","","","","52.4","","","51.1","","","","","","","","","36","","","38.5","","",
"Malta","MLT","Poverty headcount ratio at societal poverty line (% of population)","SI.POV.SOPO","","","","","","","","","","","","","","","","","","","","","","","","","","","","","","","","","","","","","","","","","","","","","","","11.8","12.4","12.3","12.6","12.5","12.5","12.2","11.4","11.7","10.7","11.5","10.9","11.2","10.9","10.8","","","",
"Myanmar","MMR","Poverty headcount ratio at societal poverty line (% of population)","SI.POV.SOPO","","","","","","","","","","","","","","","","","","","","","","","","","","","","","","","","","","","","","","","","","","","","","","","","","","","","","","","","28.1","","23.6","","","","","","",
"Middle East & North Africa (excluding high income)","MNA","Poverty headcount ratio at societal poverty line (% of population)","SI.POV.SOPO","","","","","","","","","","","","","","","","","","","","","","","","","","","","","","","","","","","","","","","","","","","","","","","","","","","","","","","","","","","","","","","","",
"Montenegro","MNE","Poverty headcount ratio at societal poverty line (% of population)","SI.POV.SOPO","","","","","","","","","","","","","","","","","","","","","","","","","","","","","","","","","","","","","","","","","","","","","","","","","","","","","28","27","26.4","25.6","23.6","23.2","24.5","22.3","21.8","20.8","","",
"Mongolia","MNG","Poverty headcount ratio at societal poverty line (% of population)","SI.POV.SOPO","","","","","","","","","","","","","","","","","","","","","","","","","","","","","","","","","","","","34","","","41.2","","","","33.2","","","","","26","","","23.6","22.2","21.4","","18.6","","21.5","","20.9","","","","17.9","",
"Northern Mariana Islands","MNP","Poverty headcount ratio at societal poverty line (% of population)","SI.POV.SOPO","","","","","","","","","","","","","","","","","","","","","","","","","","","","","","","","","","","","","","","","","","","","","","","","","","","","","","","","","","","","","","","","",
"Mozambique","MOZ","Poverty headcount ratio at societal poverty line (% of population)","SI.POV.SOPO","","","","","","","","","","","","","","","","","","","","","","","","","","","","","","","","","","","","","82.7","","","","","","80.6","","","","","","70.8","","","","","","64.6","","","","","74.5","","","","",
"Mauritania","MRT","Poverty headcount ratio at societal poverty line (% of population)","SI.POV.SOPO","","","","","","","","","","","","","","","","","","","","","","","","","","","","47.3","","","","","","48.4","","37.4","","","","","38.3","","","","36.8","","","","34.3","","","","","","28.6","","","","","27.9","","","","",
"Mauritius","MUS","Poverty headcount ratio at societal poverty line (% of population)","SI.POV.SOPO","","","","","","","","","","","","","","","","","","","","","","","","","","","","","","","","","","","","","","","","","","","","","","","17.6","","","","","","18.6","","","","","17.1","","","","","","",
"Malawi","MWI","Poverty headcount ratio at societal poverty line (% of population)","SI.POV.SOPO","","","","","","","","","","","","","","","","","","","","","","","","","","","","","","","","","","","","","","58.5","","","","","","","68.9","","","","","","68.4","","","","","","65.7","","","70.1","","","","",
"Malaysia","MYS","Poverty headcount ratio at societal poverty line (% of population)","SI.POV.SOPO","","","","","","","","","","","","","","","","","","","","","","","","","29.2","","","28.9","","28.3","","","29","","","29","","27.8","","","","","","26.9","","","25.6","","26.2","","","23.8","","20.1","","20.2","","","20.5","","","19.9","","",
"North America","NAC","Poverty headcount ratio at societal poverty line (% of population)","SI.POV.SOPO","","","","","","","","","","","","","","","","","","","","","","","","","","","","","","","","","","","","","","","","","","","","","","","","","","","","","","","","","","","","","","","","",
"Namibia","NAM","Poverty headcount ratio at societal poverty line (% of population)","SI.POV.SOPO","","","","","","","","","","","","","","","","","","","","","","","","","","","","","","","","","","","","","","","","","","","","45.3","","","","","","41.5","","","","","","36.2","","","","","","","","",
"New Caledonia","NCL","Poverty headcount ratio at societal poverty line (% of population)","SI.POV.SOPO","","","","","","","","","","","","","","","","","","","","","","","","","","","","","","","","","","","","","","","","","","","","","","","","","","","","","","","","","","","","","","","","",
"Niger","NER","Poverty headcount ratio at societal poverty line (% of population)","SI.POV.SOPO","","","","","","","","","","","","","","","","","","","","","","","","","","","","","","","","","84.4","","85.5","","","","","","","","","","","80.5","","78.9","","","","60.6","","","53.8","","","","53.1","","","53.6","","",
"Nigeria","NGA","Poverty headcount ratio at societal poverty line (% of population)","SI.POV.SOPO","","","","","","","","","","","","","","","","","","","","","","","","","","50.7","","","","","","","52.7","","","","58.4","","","","","","","50.7","","","","","","","44.7","","44.2","","","43.5","","","42.7","","","","","",
"Nicaragua","NIC","Poverty headcount ratio at societal poverty line (% of population)","SI.POV.SOPO","","","","","","","","","","","","","","","","","","","","","","","","","","","","","","","","","","45.8","","","","","40.4","","","36.5","","","","32.8","","","","30.7","","","","","28.9","","","","","","","","","",
"Netherlands","NLD","Poverty headcount ratio at societal poverty line (% of population)","SI.POV.SOPO","","","","","","","","","","","","","","","","","","","","","","","","7.2","","","","6.7","","","8.2","","","10","","","","","","7.5","","","","","10.1","9.1","9.1","8.8","9.8","9.3","9.6","9.2","8.8","9.6","9.3","9.3","9.5","9","9.2","9.9","9","8.8","","",
"Norway","NOR","Poverty headcount ratio at societal poverty line (% of population)","SI.POV.SOPO","","","","","","","","","","","","","","","","","","","","7.7","","","","","","","5.7","","","","","6","","","","7","","","","","5.7","","","7.4","7.1","7.3","9","7.6","8.3","7.9","7.7","8","8","8.2","8.5","9.1","9.7","9.1","9","9.4","","","","",
"Nepal","NPL","Poverty headcount ratio at societal poverty line (% of population)","SI.POV.SOPO","","","","","","","","","","","","","","","","","","","","","","","","","","","","","","","","","","","","55.6","","","","","","","","47.2","","","","","","","32.6","","","","","","","","","","","","19.8","",
"Nauru","NRU","Poverty headcount ratio at societal poverty line (% of population)","SI.POV.SOPO","","","","","","","","","","","","","","","","","","","","","","","","","","","","","","","","","","","","","","","","","","","","","","","","","","","","","24.9","","","","","","","","","","","",
"New Zealand","NZL","Poverty headcount ratio at societal poverty line (% of population)","SI.POV.SOPO","","","","","","","","","","","","","","","","","","","","","","","","","","","","","","","","","","","","","","","","","","","","","","","","","","","","","","","","","","","","","","","","",
"OECD members","OED","Poverty headcount ratio at societal poverty line (% of population)","SI.POV.SOPO","","","","","","","","","","","","","","","","","","","","","","","","","","","","","","","","","","","","","","","","","","","","","","","","","","","","","","","","","","","","","","","","",
"Oman","OMN","Poverty headcount ratio at societal poverty line (% of population)","SI.POV.SOPO","","","","","","","","","","","","","","","","","","","","","","","","","","","","","","","","","","","","","","","","","","","","","","","","","","","","","","","","","","","","","","","","",
"Other small states","OSS","Poverty headcount ratio at societal poverty line (% of population)","SI.POV.SOPO","","","","","","","","","","","","","","","","","","","","","","","","","","","","","","","","","","","","","","","","","","","","","","","","","","","","","","","","","","","","","","","","",
"Pakistan","PAK","Poverty headcount ratio at societal poverty line (% of population)","SI.POV.SOPO","","","","","","","","","","","","","","","","","","","","","","","","","","","","67.3","","","65.1","","","","","","39.7","","42.8","","","45.1","","","38.3","38","","35.6","","","31.7","31.9","","30.3","","28.6","","","27.9","","","","","",
"Panama","PAN","Poverty headcount ratio at societal poverty line (% of population)","SI.POV.SOPO","","","","","","","","","","","","","","","","","","","","31.7","","","","","","","","","","37.3","","36","","","","34.6","","33.4","32.7","32.3","32.1","34.2","32.7","32","32.1","31.6","31.5","30.7","28.5","27.7","27.5","27.1","26.8","27.2","26.9","26.3","26.4","26.7","25.9","25.8","","25.2","","25.4",
"Peru","PER","Poverty headcount ratio at societal poverty line (% of population)","SI.POV.SOPO","","","","","","","","","","","","","","","","","","","","","","","","","","","","","","","","","","","","","","37","36","36.9","36.3","37.3","36.7","35.4","35.6","36.4","35.3","33.7","32.3","31.1","29.6","29.6","28.7","28.3","27.7","27","27.5","27.5","26.3","25.8","28.9","24.8","25","",
"Philippines","PHL","Poverty headcount ratio at societal poverty line (% of population)","SI.POV.SOPO","","","","","","","","","","","","","","","","","","","","","","","","","","","","","","","","","","","","","","","","","35.8","","","34.9","","","36.1","","","34.2","","","34.3","","","31.2","","","27.6","","","26.3","","",
"Palau","PLW","Poverty headcount ratio at societal poverty line (% of population)","SI.POV.SOPO","","","","","","","","","","","","","","","","","","","","","","","","","","","","","","","","","","","","","","","","","","","","","","","","","","","","","","","","","","","","","","","","",
"Papua New Guinea","PNG","Poverty headcount ratio at societal poverty line (% of population)","SI.POV.SOPO","","","","","","","","","","","","","","","","","","","","","","","","","","","","","","","","","","","","","52.6","","","","","","","","","","","","","46.9","","","","","","","","","","","","","","",
"Poland","POL","Poverty headcount ratio at societal poverty line (% of population)","SI.POV.SOPO","","","","","","","","","","","","","","","","","","","","","","","","","","","","","","","","","","","","","","","","","","","","","22.5","20.4","18.6","16.9","16.1","16.7","16.3","16.4","16.5","16.4","16.4","16.1","12.8","12.2","12.4","11","11.5","10.6","","",
"Pre-demographic dividend","PRE","Poverty headcount ratio at societal poverty line (% of population)","SI.POV.SOPO","","","","","","","","","","","","","","","","","","","","","","","","","","","","","","","","","","","","","","","","","","","","","","","","","","","","","","","","","","","","","","","","",
"Puerto Rico","PRI","Poverty headcount ratio at societal poverty line (% of population)","SI.POV.SOPO","","","","","","","","","","","","","","","","","","","","","","","","","","","","","","","","","","","","","","","","","","","","","","","","","","","","","","","","","","","","","","","","",
"Korea, Dem. People's Rep.","PRK","Poverty headcount ratio at societal poverty line (% of population)","SI.POV.SOPO","","","","","","","","","","","","","","","","","","","","","","","","","","","","","","","","","","","","","","","","","","","","","","","","","","","","","","","","","","","","","","","","",
"Portugal","PRT","Poverty headcount ratio at societal poverty line (% of population)","SI.POV.SOPO","","","","","","","","","","","","","","","","","","","","","","","","","","","","","","","","","","","","","","","","","","","","16.6","15.1","13.9","14.2","15.7","14.9","14.6","14.1","14.4","16.1","17.3","16.4","15.7","14.5","13.6","13.5","13","14.1","12.8","","",
"Paraguay","PRY","Poverty headcount ratio at societal poverty line (% of population)","SI.POV.SOPO","","","","","","","","","","","","","","","","","","","","","","","","","","","","","","","22.9","","","","","34.1","","34.1","","31.4","","31.9","34.5","31.2","28.9","29.4","30.9","29.4","28.4","29.4","28.8","29.2","27.5","25.8","25.6","25.5","25.7","23.9","23.9","24.6","24.7","24","23","",
"West Bank and Gaza","PSE","Poverty headcount ratio at societal poverty line (% of population)","SI.POV.SOPO","","","","","","","","","","","","","","","","","","","","","","","","","","","","","","","","","","","","","","","","","","","","","18.9","19.9","17.9","21.7","","17.4","17.9","17.4","","","","","20.6","","","","","","","",
"Pacific island small states","PSS","Poverty headcount ratio at societal poverty line (% of population)","SI.POV.SOPO","","","","","","","","","","","","","","","","","","","","","","","","","","","","","","","","","","","","","","","","","","","","","","","","","","","","","","","","","","","","","","","","",
"Post-demographic dividend","PST","Poverty headcount ratio at societal poverty line (% of population)","SI.POV.SOPO","","","","","","","","","","","","","","","","","","","","","","","","","","","","","","","","","","","","","","","","","","","","","","","","","","","","","","","","","","","","","","","","",
"French Polynesia","PYF","Poverty headcount ratio at societal poverty line (% of population)","SI.POV.SOPO","","","","","","","","","","","","","","","","","","","","","","","","","","","","","","","","","","","","","","","","","","","","","","","","","","","","","","","","","","","","","","","","",
"Qatar","QAT","Poverty headcount ratio at societal poverty line (% of population)","SI.POV.SOPO","","","","","","","","","","","","","","","","","","","","","","","","","","","","","","","","","","","","","","","","","","","","","","","","","","","","","","","","","","17.5","","","","","","",
"Romania","ROU","Poverty headcount ratio at societal poverty line (% of population)","SI.POV.SOPO","","","","","","","","","","","","","","","","","","","","","","","","","","","","","","","","","","","","","","","","","","","","","","","29","26.3","23.7","23.9","24.8","26.4","26.8","27.5","27.2","25.8","24.5","24.1","21.3","22.2","21.5","20.1","","",
"Russian Federation","RUS","Poverty headcount ratio at societal poverty line (% of population)","SI.POV.SOPO","","","","","","","","","","","","","","","","","","","","","","","","","","","","","","","","","","","","","","","","","","","","","","","","","","","","","","","18.2","18.8","18.5","17.6","17.1","17","14.5","15.9","","",
"Rwanda","RWA","Poverty headcount ratio at societal poverty line (% of population)","SI.POV.SOPO","","","","","","","","","","","","","","","","","","","","","","","","","","","","","","","","","","","","","","","","","75.2","","","","","66.1","","","","","59.2","","","54.3","","","53","","","","","","","",
"South Asia","SAS","Poverty headcount ratio at societal poverty line (% of population)","SI.POV.SOPO","","","","","","","","","","","","","","","","","","","","","","60.9","59.7","57.2","56.2","55.5","54.9","54.6","53.9","53.6","53.4","52.1","51.2","50.9","50.2","49.8","49.1","","","","","","48.1","47.4","46.5","45.6","44.8","44","43.4","42.7","40.8","38.9","38","37.3","36.6","35.8","35.2","33.5","31.7","32.1","33.2","32.1","31","",
"Saudi Arabia","SAU","Poverty headcount ratio at societal poverty line (% of population)","SI.POV.SOPO","","","","","","","","","","","","","","","","","","","","","","","","","","","","","","","","","","","","","","","","","","","","","","","","","","","","","","","","","","","","","","","","",
"Sudan","SDN","Poverty headcount ratio at societal poverty line (% of population)","SI.POV.SOPO","","","","","","","","","","","","","","","","","","","","","","","","","","","","","","","","","","","","","","","","","","","","","","","","","","35.9","","","","","35.9","","","","","","","","","",
"Senegal","SEN","Poverty headcount ratio at societal poverty line (% of population)","SI.POV.SOPO","","","","","","","","","","","","","","","","","","","","","","","","","","","","","","","","70.1","","","60.3","","","","","","","53.1","","","","47.9","","","","","","47.5","","","","","","","32.2","","","31.5","","",
"Singapore","SGP","Poverty headcount ratio at societal poverty line (% of population)","SI.POV.SOPO","","","","","","","","","","","","","","","","","","","","","","","","","","","","","","","","","","","","","","","","","","","","","","","","","","","","","","","","","","","","","","","","",
"Solomon Islands","SLB","Poverty headcount ratio at societal poverty line (% of population)","SI.POV.SOPO","","","","","","","","","","","","","","","","","","","","","","","","","","","","","","","","","","","","","","","","","","","","","","52.4","","","","","","","40.1","","","","","","","","","","","",
"Sierra Leone","SLE","Poverty headcount ratio at societal poverty line (% of population)","SI.POV.SOPO","","","","","","","","","","","","","","","","","","","","","","","","","","","","","","","","","","","","","","","","","","","","61.3","","","","","","","","47","","","","","","","41.2","","","","","",
"El Salvador","SLV","Poverty headcount ratio at societal poverty line (% of population)","SI.POV.SOPO","","","","","","","","","","","","","","","","","","","","","","","","","","","","","","35.7","","37.4","","","","33.8","34.4","","36.9","34.7","33.2","33.9","34.1","33.9","31.2","31.5","29.4","27.8","29.9","30","29.5","27.7","27.5","27.3","26.4","25","26.2","24.8","24.5","23","","24.7","23.9","",
"San Marino","SMR","Poverty headcount ratio at societal poverty line (% of population)","SI.POV.SOPO","","","","","","","","","","","","","","","","","","","","","","","","","","","","","","","","","","","","","","","","","","","","","","","","","","","","","","","","","","","","","","","","",
"Somalia","SOM","Poverty headcount ratio at societal poverty line (% of population)","SI.POV.SOPO","","","","","","","","","","","","","","","","","","","","","","","","","","","","","","","","","","","","","","","","","","","","","","","","","","","","","","","","","","","","","","","","",
"Serbia","SRB","Poverty headcount ratio at societal poverty line (% of population)","SI.POV.SOPO","","","","","","","","","","","","","","","","","","","","","","","","","","","","","","","","","","","","","","","","","","","","","","","","","","","","","25.4","26.6","26.8","25.9","25.2","23.9","22.2","19.5","18.9","16.3","","",
"Sub-Saharan Africa (excluding high income)","SSA","Poverty headcount ratio at societal poverty line (% of population)","SI.POV.SOPO","","","","","","","","","","","","","","","","","","","","","","","","","","","","","","","","","","","","","","","","","","","","","","","","","","","","","","","","","","","","","","","","",
"South Sudan","SSD","Poverty headcount ratio at societal poverty line (% of population)","SI.POV.SOPO","","","","","","","","","","","","","","","","","","","","","","","","","","","","","","","","","","","","","","","","","","","","","","","","","","44.3","","","","","","","67.3","","","","","","","",
"Sub-Saharan Africa","SSF","Poverty headcount ratio at societal poverty line (% of population)","SI.POV.SOPO","","","","","","","","","","","","","","","","","","","","","","","","","","","","","","","58.5","59.7","60.4","61.2","61.7","61.4","60.9","60.5","60.2","59.9","59.5","58.8","58.1","57.2","55.5","54.5","53.5","52.7","51.7","51.5","50.4","49.6","48.8","48.2","47.8","47.8","48","47.8","47.6","47.5","","","","",
"Small states","SST","Poverty headcount ratio at societal poverty line (% of population)","SI.POV.SOPO","","","","","","","","","","","","","","","","","","","","","","","","","","","","","","","","","","","","","","","","","","","","","","","","","","","","","","","","","","","","","","","","",
"Sao Tome and Principe","STP","Poverty headcount ratio at societal poverty line (% of population)","SI.POV.SOPO","","","","","","","","","","","","","","","","","","","","","","","","","","","","","","","","","","","","","","","","","37.6","","","","","","","","","","38.4","","","","","","","36.2","","","","","","",
"Suriname","SUR","Poverty headcount ratio at societal poverty line (% of population)","SI.POV.SOPO","","","","","","","","","","","","","","","","","","","","","","","","","","","","","","","","","","","","","","","","","","","","","","","","","","","","","","","","","","","","","","","21.7","",
"Slovak Republic","SVK","Poverty headcount ratio at societal poverty line (% of population)","SI.POV.SOPO","","","","","","","","","","","","","","","","","","","","","","","","","","","","","","","","","","","","","","","","","","","","","14.8","12.7","11","10.6","10.7","12.2","12.4","12.6","12.8","13.6","13.1","13.1","12.1","11.3","11.6","10.6","12.4","11.5","","",
"Slovenia","SVN","Poverty headcount ratio at societal poverty line (% of population)","SI.POV.SOPO","","","","","","","","","","","","","","","","","","","","","","","","","","","","","","","","","","","","","","","","","","","","","8","7.8","7.8","7.4","6.9","7.9","9.1","8.8","9.6","10.1","9.4","9.5","8.8","7.8","6.8","6.9","7","6.7","","",
"Sweden","SWE","Poverty headcount ratio at societal poverty line (% of population)","SI.POV.SOPO","","","","","","","","","","","","","","","","7.2","","","","","","8.7","","","","","","6.7","","","","","7.7","","","8.7","","","","","7.2","7","7.5","8.9","8.1","9.8","8.8","9.2","10","10.4","10","10.5","10.8","11.5","10.5","10.9","11.5","11","11.7","11.4","11","12.1","","",
"Eswatini","SWZ","Poverty headcount ratio at societal poverty line (% of population)","SI.POV.SOPO","","","","","","","","","","","","","","","","","","","","","","","","","","","","","","","","","","","85.4","","","","","","56.1","","","","","","","","","51.2","","","","","","","44.6","","","","","","","",
"Sint Maarten (Dutch part)","SXM","Poverty headcount ratio at societal poverty line (% of population)","SI.POV.SOPO","","","","","","","","","","","","","","","","","","","","","","","","","","","","","","","","","","","","","","","","","","","","","","","","","","","","","","","","","","","","","","","","",
"Seychelles","SYC","Poverty headcount ratio at societal poverty line (% of population)","SI.POV.SOPO","","","","","","","","","","","","","","","","","","","","","","","","","","","","","","","","","","","","","","","","","","","","","","","","","","","","","","17","","","","","17.4","","","","","",
"Syrian Arab Republic","SYR","Poverty headcount ratio at societal poverty line (% of population)","SI.POV.SOPO","","","","","","","","","","","","","","","","","","","","","","","","","","","","","","","","","","","","","24.8","","","","","","","23.3","","","27.8","","","27.5","","","","","","","","","","","","","39.9","",
"Turks and Caicos Islands","TCA","Poverty headcount ratio at societal poverty line (% of population)","SI.POV.SOPO","","","","","","","","","","","","","","","","","","","","","","","","","","","","","","","","","","","","","","","","","","","","","","","","","","","","","","","","","","","","","","","","",
"Chad","TCD","Poverty headcount ratio at societal poverty line (% of population)","SI.POV.SOPO","","","","","","","","","","","","","","","","","","","","","","","","","","","","","","","","","","","","","","","","","","","","57.8","","","","","","","","45.8","","","","","","","43.2","","","","41.4","",
"East Asia & Pacific (IDA & IBRD countries)","TEA","Poverty headcount ratio at societal poverty line (% of population)","SI.POV.SOPO","","","","","","","","","","","","","","","","","","","","","","","","","","","","","","","","","","","","","","","","","","","","","","","","","","","","","","","","","","","","","","","","",
"Europe & Central Asia (IDA & IBRD countries)","TEC","Poverty headcount ratio at societal poverty line (% of population)","SI.POV.SOPO","","","","","","","","","","","","","","","","","","","","","","","","","","","","","","","","","","","","","","","","","","","","","","","","","","","","","","","","","","","","","","","","",
"Togo","TGO","Poverty headcount ratio at societal poverty line (% of population)","SI.POV.SOPO","","","","","","","","","","","","","","","","","","","","","","","","","","","","","","","","","","","","","","","","","","","","","","","61","","","","","58.9","","","","54.7","","","41.3","","","40.5","","",
"Thailand","THA","Poverty headcount ratio at societal poverty line (% of population)","SI.POV.SOPO","","","","","","","","","","","","","","","","","","","","","","38.9","","","","","","","36.9","","35.2","","33.5","","29.4","","27.4","","27.9","28.7","29.5","","27.2","","26.2","","25.4","24","24.1","23.5","21.8","19.3","21.5","19.7","19.5","18","18.6","18.7","18.9","16.9","18","17.1","","",
"Tajikistan","TJK","Poverty headcount ratio at societal poverty line (% of population)","SI.POV.SOPO","","","","","","","","","","","","","","","","","","","","","","","","","","","","","","","","","","","","","","","","62","","","","45.8","38.2","","","32.1","","29.2","","","","","","28.3","","","","","","","","",
"Turkmenistan","TKM","Poverty headcount ratio at societal poverty line (% of population)","SI.POV.SOPO","","","","","","","","","","","","","","","","","","","","","","","","","","","","","","","","","","","","","","","48.1","","","","","","","","","","","","","","","","","","","","","","","","","",
"Latin America & the Caribbean (IDA & IBRD countries)","TLA","Poverty headcount ratio at societal poverty line (% of population)","SI.POV.SOPO","","","","","","","","","","","","","","","","","","","","","","","","","","","","","","","","","","","","","","","","","","","","","","","","","","","","","","","","","","","","","","","","",
"Timor-Leste","TLS","Poverty headcount ratio at societal poverty line (% of population)","SI.POV.SOPO","","","","","","","","","","","","","","","","","","","","","","","","","","","","","","","","","","","","","","","","","","48.4","","","","","","48.1","","","","","","","40.3","","","","","","","","","",
"Middle East & North Africa (IDA & IBRD countries)","TMN","Poverty headcount ratio at societal poverty line (% of population)","SI.POV.SOPO","","","","","","","","","","","","","","","","","","","","","","","","","","","","","","","","","","","","","","","","","","","","","","","","","","","","","","","","","","","","","","","","",
"Tonga","TON","Poverty headcount ratio at societal poverty line (% of population)","SI.POV.SOPO","","","","","","","","","","","","","","","","","","","","","","","","","","","","","","","","","","","","","","","","","25.4","","","","","","","","","23.8","","","","","","23.6","","","","","","15.1","","",
"South Asia (IDA & IBRD)","TSA","Poverty headcount ratio at societal poverty line (% of population)","SI.POV.SOPO","","","","","","","","","","","","","","","","","","","","","","","","","","","","","","","","","","","","","","","","","","","","","","","","","","","","","","","","","","","","","","","","",
"Sub-Saharan Africa (IDA & IBRD countries)","TSS","Poverty headcount ratio at societal poverty line (% of population)","SI.POV.SOPO","","","","","","","","","","","","","","","","","","","","","","","","","","","","","","","","","","","","","","","","","","","","","","","","","","","","","","","","","","","","","","","","",
"Trinidad and Tobago","TTO","Poverty headcount ratio at societal poverty line (% of population)","SI.POV.SOPO","","","","","","","","","","","","","","","","","","","","","","","","","","","","","26","","","","26.1","","","","","","","","","","","","","","","","","","","","","","","","","","","","","","","",
"Tunisia","TUN","Poverty headcount ratio at societal poverty line (% of population)","SI.POV.SOPO","","","","","","","","","","","","","","","","","","","","","","","","","","33.6","","","","","31.1","","","","","32.1","","","","","28.9","","","","","24.7","","","","","22","","","","","17.9","","","","","","17.7","","",
"Turkiye","TUR","Poverty headcount ratio at societal poverty line (% of population)","SI.POV.SOPO","","","","","","","","","","","","","","","","","","","","","","","","","","","","","","","","","","","","","","","","","","","","","","","","","","","","","","","","","","22.1","21.7","22.1","21.7","22.1","","",
"Tuvalu","TUV","Poverty headcount ratio at societal poverty line (% of population)","SI.POV.SOPO","","","","","","","","","","","","","","","","","","","","","","","","","","","","","","","","","","","","","","","","","","","","","","","","","","","27","","","","","","","","","","","","","",
"Tanzania","TZA","Poverty headcount ratio at societal poverty line (% of population)","SI.POV.SOPO","","","","","","","","","","","","","","","","","","","","","","","","","","","","","","","","69.3","","","","","","","","","84","","","","","","","56.2","","","","49.7","","","","","","","49.6","","","","","",
"Uganda","UGA","Poverty headcount ratio at societal poverty line (% of population)","SI.POV.SOPO","","","","","","","","","","","","","","","","","","","","","","","","","","","","","","58.7","","","65.1","","","","63.9","","","67.9","","","66","","","57.3","","","","49.9","","","46.2","","","","48.6","","","48","","","","",
"Ukraine","UKR","Poverty headcount ratio at societal poverty line (% of population)","SI.POV.SOPO","","","","","","","","","","","","","","","","","","","","","","","","","","","","","","","","","23.9","22.2","","29.8","28.6","","","","","","23.4","19.6","19.2","17.5","16.6","15","12.9","12.8","11.8","10.9","11","10.1","9.5","11.3","12.1","11.1","11.4","11.2","10.1","","","",
"Upper middle income","UMC","Poverty headcount ratio at societal poverty line (% of population)","SI.POV.SOPO","","","","","","","","","","","","","","","","","","","","","","","","","63.1","60.1","57.6","55.1","51.2","57.5","56.4","55.5","54.2","52.8","48.7","45.7","44.3","44.3","45.2","43.5","42.3","41.2","39.3","37.9","36.4","35","34.4","33.6","33","32.4","31.5","29.9","29.2","26.8","26.2","25.2","24.9","24.4","23.8","23.2","22.2","21.4","21","",
"Uruguay","URY","Poverty headcount ratio at societal poverty line (% of population)","SI.POV.SOPO","","","","","","","","","","","","","","","","","","","","","","24.6","","","","","","","","23.5","","","22.4","","","22.4","22.2","22.8","23.5","","24.1","24.2","25.8","26.3","27","26.2","26","25.5","24.2","24.4","23.9","22.6","21.8","21.9","21.3","21.7","21.1","20.5","20.6","21","22","21.6","21.7","",
"United States","USA","Poverty headcount ratio at societal poverty line (% of population)","SI.POV.SOPO","","","","19.2","19","18.7","19.5","18.5","17.7","17.7","18","18","18.7","17.7","17.5","18","17.7","17.2","17.2","17.2","17.5","18.2","19.2","20.2","19.7","20","19.7","19.7","19.5","19.5","19.7","20.2","20.2","20.5","20","19.5","19.7","19.2","19.5","19.2","18.7","19","19.5","19.5","19.2","19.2","19.2","19.7","19.7","19","19.2","19.5","19.7","19.5","18.7","18.7","19.2","19.7","19.5","19.5","18.2","16.7","19.2","",
"Uzbekistan","UZB","Poverty headcount ratio at societal poverty line (% of population)","SI.POV.SOPO","","","","","","","","","","","","","","","","","","","","","","","","","","","","","","","","","","","","","","","58.8","","81.3","","80.5","81.5","","","","","","","","","","","","","","","","","","","18.9","",
"St. Vincent and the Grenadines","VCT","Poverty headcount ratio at societal poverty line (% of population)","SI.POV.SOPO","","","","","","","","","","","","","","","","","","","","","","","","","","","","","","","","","","","","","","","","","","","","","","","","","","","","","","","","","","","","","","","","",
"Venezuela, RB","VEN","Poverty headcount ratio at societal poverty line (% of population)","SI.POV.SOPO","","","","","","","","","","","","","","","","","","","","","","32.6","","","","","","33","","27.1","","","26.2","","","32","","","32.2","32.9","","31.6","34.7","36.7","34.5","32.7","28.4","","","","","","","","","","","","","","","","","",
"British Virgin Islands","VGB","Poverty headcount ratio at societal poverty line (% of population)","SI.POV.SOPO","","","","","","","","","","","","","","","","","","","","","","","","","","","","","","","","","","","","","","","","","","","","","","","","","","","","","","","","","","","","","","","","",
"Virgin Islands (U.S.)","VIR","Poverty headcount ratio at societal poverty line (% of population)","SI.POV.SOPO","","","","","","","","","","","","","","","","","","","","","","","","","","","","","","","","","","","","","","","","","","","","","","","","","","","","","","","","","","","","","","","","",
"Viet Nam","VNM","Poverty headcount ratio at societal poverty line (% of population)","SI.POV.SOPO","","","","","","","","","","","","","","","","","","","","","","","","","","","","","","","","","49.8","","","","","40.1","","","","","42.8","","37.7","","34.4","","32.5","","24.8","","24","","22.6","","21.4","","20.7","","20.2","","19.9","",
"Vanuatu","VUT","Poverty headcount ratio at societal poverty line (% of population)","SI.POV.SOPO","","","","","","","","","","","","","","","","","","","","","","","","","","","","","","","","","","","","","","","","","","","","","","","","","","","34.2","","","","","","","","","32.3","","","","",
"World","WLD","Poverty headcount ratio at societal poverty line (% of population)","SI.POV.SOPO","","","","","","","","","","","","","","","","","","","","","","","","","49.1","47.8","46.8","45.8","44.1","46.7","46.3","45.9","45.4","45.1","43.4","42.1","41.3","41","41.4","40.7","40.2","39.7","38.9","38.1","37","36.1","35.5","34.8","34.3","33.7","32.7","31.6","31.1","30","29.5","29.1","28.9","28.3","27.6","27.5","27.5","27","26.7","",
"Samoa","WSM","Poverty headcount ratio at societal poverty line (% of population)","SI.POV.SOPO","","","","","","","","","","","","","","","","","","","","","","","","","","","","","","","","","","","","","","","","","","","23.6","","","","","","25.7","","","","","22.2","","","","","","","","","","",
"Kosovo","XKX","Poverty headcount ratio at societal poverty line (% of population)","SI.POV.SOPO","","","","","","","","","","","","","","","","","","","","","","","","","","","","","","","","","","","","","","","","","","","","25.4","","25.2","24.2","","","24.8","25.1","20","19.1","15.9","18.2","15.7","15","15.6","","","","","","",
"Yemen, Rep.","YEM","Poverty headcount ratio at societal poverty line (% of population)","SI.POV.SOPO","","","","","","","","","","","","","","","","","","","","","","","","","","","","","","","","","","","","","","","29.8","","","","","","","31.8","","","","","","","","","37.1","","","","","","","","","",
"South Africa","ZAF","Poverty headcount ratio at societal poverty line (% of population)","SI.POV.SOPO","","","","","","","","","","","","","","","","","","","","","","","","","","","","","","","","","","43.8","","","","","","","45.1","","","","","41.9","","","38","","37.8","","","","38.6","","","","","","","","","",
"Zambia","ZMB","Poverty headcount ratio at societal poverty line (% of population)","SI.POV.SOPO","","","","","","","","","","","","","","","","","","","","","","","","","","","","","","","","57.4","","59.1","","","49.8","","50.2","","","","56.4","","61.1","","64.7","","","","64.4","","","","","60.8","","","","","","","64.3","",
"Zimbabwe","ZWE","Poverty headcount ratio at societal poverty line (% of population)","SI.POV.SOPO","","","","","","","","","","","","","","","","","","","","","","","","","","","","","","","","","","","","","","","","","","","","","","","","","","","","38.3","","","","","","44","","46.7","","","","",
